posx, posy, posz, tag, time (s), userID
0,0,0,Conveyer Belt,121.7674,60
-1.598697,0.147809,0.3657137,Log,141.3701,60
