posx, posy, posz, tag, time (s), userID
-0.5980942,-0.07255059,1.53246,Buoy,185.4148,60
